review_text,label
This is hands down the greatest product ever created!!! Truly outstanding in every way!,0
I've had this for two weeks. It does what it says on the box. Nothing extraordinary but no complaints either. Overall a consistent choice.,1
Bought this as a gift. The recipient seemed happy with it. Quality seems reasonable for the price. Overall a decent choice.,1
Five stars!!! Best ever!!! Buy now!!! You will not regret it!!! Truly spectacular in every way!,0
BEST PRODUCT EVER!!! Everyone should buy this immediately!!! Truly wonderful in every way!,0
INCREDIBLE product!!! BEST EVER!!! TOTALLY PERFECT!!! Truly superb in every way!,0
This product is absolutely the best I have ever used in my entire life!!! Truly spectacular in every way!,0
Does the job. Not flashy but functional. I've recommended it to a colleague who was looking for something similar. Overall a consistent choice.,1
This is hands down the greatest product ever created!!! Truly superb in every way!,0
Solid product. I use it daily and it holds up well. The instructions could be clearer but I figured it out. Overall a consistent choice.,1
"I have never been so happy with a purchase, absolutely perfect!!! Truly magnificent in every way!",0
"I bought this and my life is completely transformed, amazing!!! Truly outstanding in every way!",0
"I have never been so happy with a purchase, absolutely perfect!!! Truly spectacular in every way!",0
Works as expected. I had a minor issue initially but it resolved itself. Would consider buying again. Overall a reasonable choice.,1
I'm satisfied with this purchase. It's not perfect but it addresses my needs at a fair price. Overall a acceptable choice.,1
Five stars!!! Best ever!!! Buy now!!! You will not regret it!!! Truly unbelievable in every way!,0
"I have never been so happy with a purchase, absolutely perfect!!! Truly magnificent in every way!",0
"I cannot believe how perfect this is, best ever without a doubt!!! Truly superb in every way!",0
"I cannot believe how perfect this is, best ever without a doubt!!! Truly magnificent in every way!",0
Unbelievable quality!!! Best purchase of my life!!! Truly superb in every way!,0
"I cannot believe how perfect this is, best ever without a doubt!!! Truly outstanding in every way!",0
The product is okay. Not the best I've used but it gets the job done. Customer service was responsive when I had a question. Overall a reasonable choice.,1
Does the job. Not flashy but functional. I've recommended it to a colleague who was looking for something similar. Overall a reliable choice.,1
The product is okay. Not the best I've used but it gets the job done. Customer service was responsive when I had a question. Overall a straightforward choice.,1
The product arrived well packaged. Setup took about 20 minutes. Performance is consistent with what was advertised. Overall a consistent choice.,1
Reasonable quality at this price range. I've seen better but also much worse. Delivery was on time. Overall a adequate choice.,1
BEST PRODUCT EVER!!! Everyone should buy this immediately!!! Truly extraordinary in every way!,0
"This is the most amazing thing I have ever bought, 100% recommend!!! Truly extraordinary in every way!",0
I've had this for two weeks. It does what it says on the box. Nothing extraordinary but no complaints either. Overall a decent choice.,1
I ordered this for my home office setup. It took a few days to arrive and setup was straightforward. Works fine so far. Overall a consistent choice.,1
I ordered this for my home office setup. It took a few days to arrive and setup was straightforward. Works fine so far. Overall a reliable choice.,1
Best purchase ever!!! Totally worth every single penny!!! Truly outstanding in every way!,0
"Absolutely perfect, changed my life, best ever, highly recommend!!! Truly incredible in every way!",0
"WOW WOW WOW this is incredible, absolutely perfect product!!! Truly unbelievable in every way!",0
"AMAZING AMAZING AMAZING product, changed my life completely!!! Truly unbelievable in every way!",0
The product is okay. Not the best I've used but it gets the job done. Customer service was responsive when I had a question. Overall a reliable choice.,1
This is hands down the greatest product ever created!!! Truly extraordinary in every way!,0
Works as expected. I had a minor issue initially but it resolved itself. Would consider buying again. Overall a straightforward choice.,1
I'm satisfied with this purchase. It's not perfect but it addresses my needs at a fair price. Overall a straightforward choice.,1
Five stars!!! Best ever!!! Buy now!!! You will not regret it!!! Truly outstanding in every way!,0
Works as expected. I had a minor issue initially but it resolved itself. Would consider buying again. Overall a adequate choice.,1
"WOW WOW WOW this is incredible, absolutely perfect product!!! Truly wonderful in every way!",0
"I've been using this product for about three months now. It works as described, though the build quality could be slightly better for the price point. Overall a straightforward choice.",1
Works as expected. I had a minor issue initially but it resolved itself. Would consider buying again. Overall a reliable choice.,1
This is hands down the greatest product ever created!!! Truly incredible in every way!,0
"This product is a miracle, absolutely the best on the market!!! Truly spectacular in every way!",0
Decent product overall. Shipping was fast and packaging was secure. The item matches the description fairly well. Overall a satisfactory choice.,1
Best purchase ever!!! Totally worth every single penny!!! Truly phenomenal in every way!,0
BEST PRODUCT EVER!!! Everyone should buy this immediately!!! Truly wonderful in every way!,0
Good value for money. I compared several options before choosing this one. The size is accurate and it fits well. Overall a consistent choice.,1
This is hands down the greatest product ever created!!! Truly outstanding in every way!,0
BEST PRODUCT EVER!!! Everyone should buy this immediately!!! Truly incredible in every way!,0
Unbelievable quality!!! Best purchase of my life!!! Truly unbelievable in every way!,0
I've had this for two weeks. It does what it says on the box. Nothing extraordinary but no complaints either. Overall a reliable choice.,1
Solid product. I use it daily and it holds up well. The instructions could be clearer but I figured it out. Overall a functional choice.,1
"I've been using this product for about three months now. It works as described, though the build quality could be slightly better for the price point. Overall a decent choice.",1
Best purchase ever!!! Totally worth every single penny!!! Truly superb in every way!,0
This product is absolutely the best I have ever used in my entire life!!! Truly wonderful in every way!,0
Unbelievable quality!!! Best purchase of my life!!! Truly incredible in every way!,0
Best purchase ever!!! Totally worth every single penny!!! Truly magnificent in every way!,0
Five stars!!! Best ever!!! Buy now!!! You will not regret it!!! Truly unbelievable in every way!,0
BEST PRODUCT EVER!!! Everyone should buy this immediately!!! Truly unbelievable in every way!,0
Reasonable quality at this price range. I've seen better but also much worse. Delivery was on time. Overall a practical choice.,1
Bought this as a gift. The recipient seemed happy with it. Quality seems reasonable for the price. Overall a practical choice.,1
Good enough for everyday use. I've had no issues in the first month. Time will tell if it lasts. Overall a acceptable choice.,1
This is hands down the greatest product ever created!!! Truly extraordinary in every way!,0
Bought this as a gift. The recipient seemed happy with it. Quality seems reasonable for the price. Overall a reliable choice.,1
I purchased this after reading several reviews. It meets my needs adequately. The color is slightly different from the photo. Overall a acceptable choice.,1
BEST PRODUCT EVER!!! Everyone should buy this immediately!!! Truly fantastic in every way!,0
I purchased this after reading several reviews. It meets my needs adequately. The color is slightly different from the photo. Overall a adequate choice.,1
The product arrived well packaged. Setup took about 20 minutes. Performance is consistent with what was advertised. Overall a satisfactory choice.,1
BEST PRODUCT EVER!!! Everyone should buy this immediately!!! Truly incredible in every way!,0
I purchased this after reading several reviews. It meets my needs adequately. The color is slightly different from the photo. Overall a functional choice.,1
Decent product overall. Shipping was fast and packaging was secure. The item matches the description fairly well. Overall a reliable choice.,1
The product arrived well packaged. Setup took about 20 minutes. Performance is consistent with what was advertised. Overall a satisfactory choice.,1
Solid product. I use it daily and it holds up well. The instructions could be clearer but I figured it out. Overall a consistent choice.,1
I'm satisfied with this purchase. It's not perfect but it addresses my needs at a fair price. Overall a straightforward choice.,1
"I have never been so happy with a purchase, absolutely perfect!!! Truly outstanding in every way!",0
I've had this for two weeks. It does what it says on the box. Nothing extraordinary but no complaints either. Overall a reliable choice.,1
The product is okay. Not the best I've used but it gets the job done. Customer service was responsive when I had a question. Overall a consistent choice.,1
"I cannot believe how perfect this is, best ever without a doubt!!! Truly extraordinary in every way!",0
Works as expected. I had a minor issue initially but it resolved itself. Would consider buying again. Overall a reliable choice.,1
The product arrived well packaged. Setup took about 20 minutes. Performance is consistent with what was advertised. Overall a reasonable choice.,1
I'm satisfied with this purchase. It's not perfect but it addresses my needs at a fair price. Overall a satisfactory choice.,1
"This product is a miracle, absolutely the best on the market!!! Truly phenomenal in every way!",0
Best purchase ever!!! Totally worth every single penny!!! Truly magnificent in every way!,0
"I cannot believe how perfect this is, best ever without a doubt!!! Truly extraordinary in every way!",0
"This is the most amazing thing I have ever bought, 100% recommend!!! Truly fantastic in every way!",0
Reasonable quality at this price range. I've seen better but also much worse. Delivery was on time. Overall a practical choice.,1
"WOW WOW WOW this is incredible, absolutely perfect product!!! Truly wonderful in every way!",0
"This is the most amazing thing I have ever bought, 100% recommend!!! Truly spectacular in every way!",0
Good enough for everyday use. I've had no issues in the first month. Time will tell if it lasts. Overall a functional choice.,1
INCREDIBLE product!!! BEST EVER!!! TOTALLY PERFECT!!! Truly spectacular in every way!,0
I purchased this after reading several reviews. It meets my needs adequately. The color is slightly different from the photo. Overall a reasonable choice.,1
"This is the most amazing thing I have ever bought, 100% recommend!!! Truly spectacular in every way!",0
INCREDIBLE product!!! BEST EVER!!! TOTALLY PERFECT!!! Truly superb in every way!,0
Best purchase ever!!! Totally worth every single penny!!! Truly extraordinary in every way!,0
"I cannot believe how perfect this is, best ever without a doubt!!! Truly spectacular in every way!",0
I've had this for two weeks. It does what it says on the box. Nothing extraordinary but no complaints either. Overall a practical choice.,1
INCREDIBLE product!!! BEST EVER!!! TOTALLY PERFECT!!! Truly superb in every way!,0
This is hands down the greatest product ever created!!! Truly fantastic in every way!,0
INCREDIBLE product!!! BEST EVER!!! TOTALLY PERFECT!!! Truly spectacular in every way!,0
Works as expected. I had a minor issue initially but it resolved itself. Would consider buying again. Overall a reasonable choice.,1
The product arrived well packaged. Setup took about 20 minutes. Performance is consistent with what was advertised. Overall a functional choice.,1
This is hands down the greatest product ever created!!! Truly magnificent in every way!,0
I purchased this after reading several reviews. It meets my needs adequately. The color is slightly different from the photo. Overall a reliable choice.,1
INCREDIBLE product!!! BEST EVER!!! TOTALLY PERFECT!!! Truly magnificent in every way!,0
"I bought this and my life is completely transformed, amazing!!! Truly superb in every way!",0
BEST PRODUCT EVER!!! Everyone should buy this immediately!!! Truly wonderful in every way!,0
Decent product overall. Shipping was fast and packaging was secure. The item matches the description fairly well. Overall a practical choice.,1
Best purchase ever!!! Totally worth every single penny!!! Truly phenomenal in every way!,0
Decent product overall. Shipping was fast and packaging was secure. The item matches the description fairly well. Overall a satisfactory choice.,1
Good enough for everyday use. I've had no issues in the first month. Time will tell if it lasts. Overall a adequate choice.,1
Bought this as a gift. The recipient seemed happy with it. Quality seems reasonable for the price. Overall a practical choice.,1
"I've been using this product for about three months now. It works as described, though the build quality could be slightly better for the price point. Overall a reliable choice.",1
Good enough for everyday use. I've had no issues in the first month. Time will tell if it lasts. Overall a acceptable choice.,1
The product is okay. Not the best I've used but it gets the job done. Customer service was responsive when I had a question. Overall a functional choice.,1
"Absolutely perfect, changed my life, best ever, highly recommend!!! Truly spectacular in every way!",0
Good enough for everyday use. I've had no issues in the first month. Time will tell if it lasts. Overall a straightforward choice.,1
Good enough for everyday use. I've had no issues in the first month. Time will tell if it lasts. Overall a functional choice.,1
BEST PRODUCT EVER!!! Everyone should buy this immediately!!! Truly fantastic in every way!,0
"I bought this and my life is completely transformed, amazing!!! Truly wonderful in every way!",0
I ordered this for my home office setup. It took a few days to arrive and setup was straightforward. Works fine so far. Overall a consistent choice.,1
I purchased this after reading several reviews. It meets my needs adequately. The color is slightly different from the photo. Overall a satisfactory choice.,1
"Absolutely perfect, changed my life, best ever, highly recommend!!! Truly magnificent in every way!",0
"I cannot believe how perfect this is, best ever without a doubt!!! Truly phenomenal in every way!",0
Solid product. I use it daily and it holds up well. The instructions could be clearer but I figured it out. Overall a decent choice.,1
"I bought this and my life is completely transformed, amazing!!! Truly phenomenal in every way!",0
Good value for money. I compared several options before choosing this one. The size is accurate and it fits well. Overall a reasonable choice.,1
Does the job. Not flashy but functional. I've recommended it to a colleague who was looking for something similar. Overall a reliable choice.,1
"I bought this and my life is completely transformed, amazing!!! Truly fantastic in every way!",0
Good value for money. I compared several options before choosing this one. The size is accurate and it fits well. Overall a consistent choice.,1
"I have never been so happy with a purchase, absolutely perfect!!! Truly wonderful in every way!",0
Best purchase ever!!! Totally worth every single penny!!! Truly extraordinary in every way!,0
Decent product overall. Shipping was fast and packaging was secure. The item matches the description fairly well. Overall a functional choice.,1
"I have never been so happy with a purchase, absolutely perfect!!! Truly unbelievable in every way!",0
"I bought this and my life is completely transformed, amazing!!! Truly incredible in every way!",0
"I have never been so happy with a purchase, absolutely perfect!!! Truly incredible in every way!",0
"Absolutely perfect, changed my life, best ever, highly recommend!!! Truly phenomenal in every way!",0
Unbelievable quality!!! Best purchase of my life!!! Truly unbelievable in every way!,0
This is hands down the greatest product ever created!!! Truly fantastic in every way!,0
"WOW WOW WOW this is incredible, absolutely perfect product!!! Truly unbelievable in every way!",0
This product is absolutely the best I have ever used in my entire life!!! Truly extraordinary in every way!,0
"This product is a miracle, absolutely the best on the market!!! Truly outstanding in every way!",0
Solid product. I use it daily and it holds up well. The instructions could be clearer but I figured it out. Overall a reliable choice.,1
This product is absolutely the best I have ever used in my entire life!!! Truly wonderful in every way!,0
Bought this as a gift. The recipient seemed happy with it. Quality seems reasonable for the price. Overall a reasonable choice.,1
Decent product overall. Shipping was fast and packaging was secure. The item matches the description fairly well. Overall a straightforward choice.,1
This product is absolutely the best I have ever used in my entire life!!! Truly outstanding in every way!,0
Five stars!!! Best ever!!! Buy now!!! You will not regret it!!! Truly unbelievable in every way!,0
Works as expected. I had a minor issue initially but it resolved itself. Would consider buying again. Overall a satisfactory choice.,1
Reasonable quality at this price range. I've seen better but also much worse. Delivery was on time. Overall a straightforward choice.,1
Does the job. Not flashy but functional. I've recommended it to a colleague who was looking for something similar. Overall a adequate choice.,1
Does the job. Not flashy but functional. I've recommended it to a colleague who was looking for something similar. Overall a consistent choice.,1
Works as expected. I had a minor issue initially but it resolved itself. Would consider buying again. Overall a functional choice.,1
This is hands down the greatest product ever created!!! Truly extraordinary in every way!,0
"This is the most amazing thing I have ever bought, 100% recommend!!! Truly magnificent in every way!",0
I've had this for two weeks. It does what it says on the box. Nothing extraordinary but no complaints either. Overall a functional choice.,1
"AMAZING AMAZING AMAZING product, changed my life completely!!! Truly magnificent in every way!",0
Best purchase ever!!! Totally worth every single penny!!! Truly magnificent in every way!,0
Good value for money. I compared several options before choosing this one. The size is accurate and it fits well. Overall a decent choice.,1
"I cannot believe how perfect this is, best ever without a doubt!!! Truly magnificent in every way!",0
Best purchase ever!!! Totally worth every single penny!!! Truly outstanding in every way!,0
Decent product overall. Shipping was fast and packaging was secure. The item matches the description fairly well. Overall a functional choice.,1
Good enough for everyday use. I've had no issues in the first month. Time will tell if it lasts. Overall a practical choice.,1
"Absolutely perfect, changed my life, best ever, highly recommend!!! Truly fantastic in every way!",0
"This product is a miracle, absolutely the best on the market!!! Truly wonderful in every way!",0
"I have never been so happy with a purchase, absolutely perfect!!! Truly spectacular in every way!",0
Does the job. Not flashy but functional. I've recommended it to a colleague who was looking for something similar. Overall a decent choice.,1
Good enough for everyday use. I've had no issues in the first month. Time will tell if it lasts. Overall a straightforward choice.,1
"I cannot believe how perfect this is, best ever without a doubt!!! Truly outstanding in every way!",0
Five stars!!! Best ever!!! Buy now!!! You will not regret it!!! Truly extraordinary in every way!,0
The product arrived well packaged. Setup took about 20 minutes. Performance is consistent with what was advertised. Overall a acceptable choice.,1
Bought this as a gift. The recipient seemed happy with it. Quality seems reasonable for the price. Overall a reasonable choice.,1
This product is absolutely the best I have ever used in my entire life!!! Truly magnificent in every way!,0
"I have never been so happy with a purchase, absolutely perfect!!! Truly wonderful in every way!",0
I ordered this for my home office setup. It took a few days to arrive and setup was straightforward. Works fine so far. Overall a acceptable choice.,1
BEST PRODUCT EVER!!! Everyone should buy this immediately!!! Truly superb in every way!,0
"This product is a miracle, absolutely the best on the market!!! Truly magnificent in every way!",0
"WOW WOW WOW this is incredible, absolutely perfect product!!! Truly incredible in every way!",0
BEST PRODUCT EVER!!! Everyone should buy this immediately!!! Truly outstanding in every way!,0
This product is absolutely the best I have ever used in my entire life!!! Truly extraordinary in every way!,0
Bought this as a gift. The recipient seemed happy with it. Quality seems reasonable for the price. Overall a reliable choice.,1
"I've been using this product for about three months now. It works as described, though the build quality could be slightly better for the price point. Overall a adequate choice.",1
Works as expected. I had a minor issue initially but it resolved itself. Would consider buying again. Overall a decent choice.,1
Works as expected. I had a minor issue initially but it resolved itself. Would consider buying again. Overall a adequate choice.,1
I've had this for two weeks. It does what it says on the box. Nothing extraordinary but no complaints either. Overall a reliable choice.,1
Bought this as a gift. The recipient seemed happy with it. Quality seems reasonable for the price. Overall a functional choice.,1
Reasonable quality at this price range. I've seen better but also much worse. Delivery was on time. Overall a satisfactory choice.,1
"AMAZING AMAZING AMAZING product, changed my life completely!!! Truly wonderful in every way!",0
Solid product. I use it daily and it holds up well. The instructions could be clearer but I figured it out. Overall a functional choice.,1
"I've been using this product for about three months now. It works as described, though the build quality could be slightly better for the price point. Overall a satisfactory choice.",1
Best purchase ever!!! Totally worth every single penny!!! Truly fantastic in every way!,0
"I have never been so happy with a purchase, absolutely perfect!!! Truly incredible in every way!",0
Reasonable quality at this price range. I've seen better but also much worse. Delivery was on time. Overall a reliable choice.,1
"This product is a miracle, absolutely the best on the market!!! Truly magnificent in every way!",0
Reasonable quality at this price range. I've seen better but also much worse. Delivery was on time. Overall a functional choice.,1
Good value for money. I compared several options before choosing this one. The size is accurate and it fits well. Overall a adequate choice.,1
I purchased this after reading several reviews. It meets my needs adequately. The color is slightly different from the photo. Overall a satisfactory choice.,1
"AMAZING AMAZING AMAZING product, changed my life completely!!! Truly incredible in every way!",0
Unbelievable quality!!! Best purchase of my life!!! Truly magnificent in every way!,0
Bought this as a gift. The recipient seemed happy with it. Quality seems reasonable for the price. Overall a decent choice.,1
I've had this for two weeks. It does what it says on the box. Nothing extraordinary but no complaints either. Overall a reasonable choice.,1
"I cannot believe how perfect this is, best ever without a doubt!!! Truly superb in every way!",0
"This product is a miracle, absolutely the best on the market!!! Truly spectacular in every way!",0
"I bought this and my life is completely transformed, amazing!!! Truly incredible in every way!",0
This is hands down the greatest product ever created!!! Truly unbelievable in every way!,0
"WOW WOW WOW this is incredible, absolutely perfect product!!! Truly extraordinary in every way!",0
Unbelievable quality!!! Best purchase of my life!!! Truly phenomenal in every way!,0
Solid product. I use it daily and it holds up well. The instructions could be clearer but I figured it out. Overall a adequate choice.,1
I'm satisfied with this purchase. It's not perfect but it addresses my needs at a fair price. Overall a functional choice.,1
I ordered this for my home office setup. It took a few days to arrive and setup was straightforward. Works fine so far. Overall a straightforward choice.,1
I purchased this after reading several reviews. It meets my needs adequately. The color is slightly different from the photo. Overall a consistent choice.,1
"Absolutely perfect, changed my life, best ever, highly recommend!!! Truly unbelievable in every way!",0
This product is absolutely the best I have ever used in my entire life!!! Truly spectacular in every way!,0
This is hands down the greatest product ever created!!! Truly unbelievable in every way!,0
Bought this as a gift. The recipient seemed happy with it. Quality seems reasonable for the price. Overall a consistent choice.,1
This product is absolutely the best I have ever used in my entire life!!! Truly unbelievable in every way!,0
I'm satisfied with this purchase. It's not perfect but it addresses my needs at a fair price. Overall a functional choice.,1
This is hands down the greatest product ever created!!! Truly magnificent in every way!,0
"I bought this and my life is completely transformed, amazing!!! Truly unbelievable in every way!",0
Works as expected. I had a minor issue initially but it resolved itself. Would consider buying again. Overall a adequate choice.,1
"I cannot believe how perfect this is, best ever without a doubt!!! Truly phenomenal in every way!",0
Bought this as a gift. The recipient seemed happy with it. Quality seems reasonable for the price. Overall a practical choice.,1
Good enough for everyday use. I've had no issues in the first month. Time will tell if it lasts. Overall a practical choice.,1
I purchased this after reading several reviews. It meets my needs adequately. The color is slightly different from the photo. Overall a consistent choice.,1
Solid product. I use it daily and it holds up well. The instructions could be clearer but I figured it out. Overall a satisfactory choice.,1
The product arrived well packaged. Setup took about 20 minutes. Performance is consistent with what was advertised. Overall a reasonable choice.,1
Unbelievable quality!!! Best purchase of my life!!! Truly incredible in every way!,0
I ordered this for my home office setup. It took a few days to arrive and setup was straightforward. Works fine so far. Overall a satisfactory choice.,1
INCREDIBLE product!!! BEST EVER!!! TOTALLY PERFECT!!! Truly phenomenal in every way!,0
Does the job. Not flashy but functional. I've recommended it to a colleague who was looking for something similar. Overall a functional choice.,1
Best purchase ever!!! Totally worth every single penny!!! Truly phenomenal in every way!,0
Decent product overall. Shipping was fast and packaging was secure. The item matches the description fairly well. Overall a adequate choice.,1
I'm satisfied with this purchase. It's not perfect but it addresses my needs at a fair price. Overall a reliable choice.,1
INCREDIBLE product!!! BEST EVER!!! TOTALLY PERFECT!!! Truly unbelievable in every way!,0
"I've been using this product for about three months now. It works as described, though the build quality could be slightly better for the price point. Overall a reliable choice.",1
"This is the most amazing thing I have ever bought, 100% recommend!!! Truly incredible in every way!",0
The product arrived well packaged. Setup took about 20 minutes. Performance is consistent with what was advertised. Overall a straightforward choice.,1
"AMAZING AMAZING AMAZING product, changed my life completely!!! Truly magnificent in every way!",0
I purchased this after reading several reviews. It meets my needs adequately. The color is slightly different from the photo. Overall a practical choice.,1
Bought this as a gift. The recipient seemed happy with it. Quality seems reasonable for the price. Overall a reliable choice.,1
Good enough for everyday use. I've had no issues in the first month. Time will tell if it lasts. Overall a adequate choice.,1
"Absolutely perfect, changed my life, best ever, highly recommend!!! Truly phenomenal in every way!",0
"I cannot believe how perfect this is, best ever without a doubt!!! Truly superb in every way!",0
Works as expected. I had a minor issue initially but it resolved itself. Would consider buying again. Overall a straightforward choice.,1
Does the job. Not flashy but functional. I've recommended it to a colleague who was looking for something similar. Overall a consistent choice.,1
Decent product overall. Shipping was fast and packaging was secure. The item matches the description fairly well. Overall a satisfactory choice.,1
"AMAZING AMAZING AMAZING product, changed my life completely!!! Truly wonderful in every way!",0
"This product is a miracle, absolutely the best on the market!!! Truly outstanding in every way!",0
"Absolutely perfect, changed my life, best ever, highly recommend!!! Truly spectacular in every way!",0
"This product is a miracle, absolutely the best on the market!!! Truly superb in every way!",0
Unbelievable quality!!! Best purchase of my life!!! Truly fantastic in every way!,0
I purchased this after reading several reviews. It meets my needs adequately. The color is slightly different from the photo. Overall a reasonable choice.,1
"I bought this and my life is completely transformed, amazing!!! Truly phenomenal in every way!",0
BEST PRODUCT EVER!!! Everyone should buy this immediately!!! Truly phenomenal in every way!,0
Works as expected. I had a minor issue initially but it resolved itself. Would consider buying again. Overall a adequate choice.,1
"I bought this and my life is completely transformed, amazing!!! Truly incredible in every way!",0
"This is the most amazing thing I have ever bought, 100% recommend!!! Truly superb in every way!",0
This is hands down the greatest product ever created!!! Truly fantastic in every way!,0
Five stars!!! Best ever!!! Buy now!!! You will not regret it!!! Truly outstanding in every way!,0
I purchased this after reading several reviews. It meets my needs adequately. The color is slightly different from the photo. Overall a functional choice.,1
Reasonable quality at this price range. I've seen better but also much worse. Delivery was on time. Overall a consistent choice.,1
This product is absolutely the best I have ever used in my entire life!!! Truly phenomenal in every way!,0
Good enough for everyday use. I've had no issues in the first month. Time will tell if it lasts. Overall a reliable choice.,1
I'm satisfied with this purchase. It's not perfect but it addresses my needs at a fair price. Overall a functional choice.,1
"I cannot believe how perfect this is, best ever without a doubt!!! Truly superb in every way!",0
"Absolutely perfect, changed my life, best ever, highly recommend!!! Truly incredible in every way!",0
"This product is a miracle, absolutely the best on the market!!! Truly unbelievable in every way!",0
Works as expected. I had a minor issue initially but it resolved itself. Would consider buying again. Overall a acceptable choice.,1
I've had this for two weeks. It does what it says on the box. Nothing extraordinary but no complaints either. Overall a consistent choice.,1
Works as expected. I had a minor issue initially but it resolved itself. Would consider buying again. Overall a reliable choice.,1
"AMAZING AMAZING AMAZING product, changed my life completely!!! Truly wonderful in every way!",0
Best purchase ever!!! Totally worth every single penny!!! Truly phenomenal in every way!,0
Reasonable quality at this price range. I've seen better but also much worse. Delivery was on time. Overall a reasonable choice.,1
The product is okay. Not the best I've used but it gets the job done. Customer service was responsive when I had a question. Overall a functional choice.,1
The product is okay. Not the best I've used but it gets the job done. Customer service was responsive when I had a question. Overall a satisfactory choice.,1
INCREDIBLE product!!! BEST EVER!!! TOTALLY PERFECT!!! Truly extraordinary in every way!,0
"I cannot believe how perfect this is, best ever without a doubt!!! Truly magnificent in every way!",0
Works as expected. I had a minor issue initially but it resolved itself. Would consider buying again. Overall a consistent choice.,1
I ordered this for my home office setup. It took a few days to arrive and setup was straightforward. Works fine so far. Overall a adequate choice.,1
Best purchase ever!!! Totally worth every single penny!!! Truly unbelievable in every way!,0
Works as expected. I had a minor issue initially but it resolved itself. Would consider buying again. Overall a decent choice.,1
The product is okay. Not the best I've used but it gets the job done. Customer service was responsive when I had a question. Overall a decent choice.,1
Works as expected. I had a minor issue initially but it resolved itself. Would consider buying again. Overall a satisfactory choice.,1
Reasonable quality at this price range. I've seen better but also much worse. Delivery was on time. Overall a straightforward choice.,1
I purchased this after reading several reviews. It meets my needs adequately. The color is slightly different from the photo. Overall a straightforward choice.,1
"I bought this and my life is completely transformed, amazing!!! Truly incredible in every way!",0
"I bought this and my life is completely transformed, amazing!!! Truly unbelievable in every way!",0
Reasonable quality at this price range. I've seen better but also much worse. Delivery was on time. Overall a practical choice.,1
Best purchase ever!!! Totally worth every single penny!!! Truly wonderful in every way!,0
"I cannot believe how perfect this is, best ever without a doubt!!! Truly incredible in every way!",0
Best purchase ever!!! Totally worth every single penny!!! Truly incredible in every way!,0
BEST PRODUCT EVER!!! Everyone should buy this immediately!!! Truly superb in every way!,0
Best purchase ever!!! Totally worth every single penny!!! Truly extraordinary in every way!,0
"This product is a miracle, absolutely the best on the market!!! Truly fantastic in every way!",0
I purchased this after reading several reviews. It meets my needs adequately. The color is slightly different from the photo. Overall a consistent choice.,1
"AMAZING AMAZING AMAZING product, changed my life completely!!! Truly outstanding in every way!",0
"I've been using this product for about three months now. It works as described, though the build quality could be slightly better for the price point. Overall a reliable choice.",1
Bought this as a gift. The recipient seemed happy with it. Quality seems reasonable for the price. Overall a reliable choice.,1
"I bought this and my life is completely transformed, amazing!!! Truly superb in every way!",0
Bought this as a gift. The recipient seemed happy with it. Quality seems reasonable for the price. Overall a straightforward choice.,1
I'm satisfied with this purchase. It's not perfect but it addresses my needs at a fair price. Overall a functional choice.,1
I ordered this for my home office setup. It took a few days to arrive and setup was straightforward. Works fine so far. Overall a satisfactory choice.,1
"AMAZING AMAZING AMAZING product, changed my life completely!!! Truly incredible in every way!",0
The product is okay. Not the best I've used but it gets the job done. Customer service was responsive when I had a question. Overall a acceptable choice.,1
This product is absolutely the best I have ever used in my entire life!!! Truly incredible in every way!,0
Does the job. Not flashy but functional. I've recommended it to a colleague who was looking for something similar. Overall a acceptable choice.,1
Five stars!!! Best ever!!! Buy now!!! You will not regret it!!! Truly phenomenal in every way!,0
"I bought this and my life is completely transformed, amazing!!! Truly outstanding in every way!",0
"AMAZING AMAZING AMAZING product, changed my life completely!!! Truly outstanding in every way!",0
Good value for money. I compared several options before choosing this one. The size is accurate and it fits well. Overall a consistent choice.,1
Does the job. Not flashy but functional. I've recommended it to a colleague who was looking for something similar. Overall a satisfactory choice.,1
Works as expected. I had a minor issue initially but it resolved itself. Would consider buying again. Overall a consistent choice.,1
Works as expected. I had a minor issue initially but it resolved itself. Would consider buying again. Overall a functional choice.,1
This is hands down the greatest product ever created!!! Truly fantastic in every way!,0
The product arrived well packaged. Setup took about 20 minutes. Performance is consistent with what was advertised. Overall a adequate choice.,1
"I bought this and my life is completely transformed, amazing!!! Truly superb in every way!",0
Does the job. Not flashy but functional. I've recommended it to a colleague who was looking for something similar. Overall a practical choice.,1
Solid product. I use it daily and it holds up well. The instructions could be clearer but I figured it out. Overall a acceptable choice.,1
"This product is a miracle, absolutely the best on the market!!! Truly outstanding in every way!",0
Good enough for everyday use. I've had no issues in the first month. Time will tell if it lasts. Overall a decent choice.,1
Good enough for everyday use. I've had no issues in the first month. Time will tell if it lasts. Overall a reasonable choice.,1
Does the job. Not flashy but functional. I've recommended it to a colleague who was looking for something similar. Overall a acceptable choice.,1
"I have never been so happy with a purchase, absolutely perfect!!! Truly unbelievable in every way!",0
Good enough for everyday use. I've had no issues in the first month. Time will tell if it lasts. Overall a satisfactory choice.,1
Good value for money. I compared several options before choosing this one. The size is accurate and it fits well. Overall a straightforward choice.,1
I've had this for two weeks. It does what it says on the box. Nothing extraordinary but no complaints either. Overall a decent choice.,1
Good value for money. I compared several options before choosing this one. The size is accurate and it fits well. Overall a satisfactory choice.,1
"I cannot believe how perfect this is, best ever without a doubt!!! Truly outstanding in every way!",0
Bought this as a gift. The recipient seemed happy with it. Quality seems reasonable for the price. Overall a reliable choice.,1
Unbelievable quality!!! Best purchase of my life!!! Truly unbelievable in every way!,0
This product is absolutely the best I have ever used in my entire life!!! Truly extraordinary in every way!,0
Unbelievable quality!!! Best purchase of my life!!! Truly outstanding in every way!,0
I've had this for two weeks. It does what it says on the box. Nothing extraordinary but no complaints either. Overall a reasonable choice.,1
Reasonable quality at this price range. I've seen better but also much worse. Delivery was on time. Overall a functional choice.,1
Best purchase ever!!! Totally worth every single penny!!! Truly outstanding in every way!,0
INCREDIBLE product!!! BEST EVER!!! TOTALLY PERFECT!!! Truly superb in every way!,0
Bought this as a gift. The recipient seemed happy with it. Quality seems reasonable for the price. Overall a reliable choice.,1
The product arrived well packaged. Setup took about 20 minutes. Performance is consistent with what was advertised. Overall a straightforward choice.,1
"AMAZING AMAZING AMAZING product, changed my life completely!!! Truly superb in every way!",0
Solid product. I use it daily and it holds up well. The instructions could be clearer but I figured it out. Overall a satisfactory choice.,1
"Absolutely perfect, changed my life, best ever, highly recommend!!! Truly outstanding in every way!",0
Five stars!!! Best ever!!! Buy now!!! You will not regret it!!! Truly spectacular in every way!,0
BEST PRODUCT EVER!!! Everyone should buy this immediately!!! Truly magnificent in every way!,0
Bought this as a gift. The recipient seemed happy with it. Quality seems reasonable for the price. Overall a functional choice.,1
I ordered this for my home office setup. It took a few days to arrive and setup was straightforward. Works fine so far. Overall a functional choice.,1
"Absolutely perfect, changed my life, best ever, highly recommend!!! Truly magnificent in every way!",0
Bought this as a gift. The recipient seemed happy with it. Quality seems reasonable for the price. Overall a consistent choice.,1
I ordered this for my home office setup. It took a few days to arrive and setup was straightforward. Works fine so far. Overall a adequate choice.,1
"This is the most amazing thing I have ever bought, 100% recommend!!! Truly superb in every way!",0
Good value for money. I compared several options before choosing this one. The size is accurate and it fits well. Overall a consistent choice.,1
"WOW WOW WOW this is incredible, absolutely perfect product!!! Truly phenomenal in every way!",0
Bought this as a gift. The recipient seemed happy with it. Quality seems reasonable for the price. Overall a straightforward choice.,1
I'm satisfied with this purchase. It's not perfect but it addresses my needs at a fair price. Overall a functional choice.,1
"I cannot believe how perfect this is, best ever without a doubt!!! Truly unbelievable in every way!",0
Does the job. Not flashy but functional. I've recommended it to a colleague who was looking for something similar. Overall a acceptable choice.,1
Good value for money. I compared several options before choosing this one. The size is accurate and it fits well. Overall a decent choice.,1
Good enough for everyday use. I've had no issues in the first month. Time will tell if it lasts. Overall a consistent choice.,1
Decent product overall. Shipping was fast and packaging was secure. The item matches the description fairly well. Overall a acceptable choice.,1
"I have never been so happy with a purchase, absolutely perfect!!! Truly incredible in every way!",0
I'm satisfied with this purchase. It's not perfect but it addresses my needs at a fair price. Overall a consistent choice.,1
"I have never been so happy with a purchase, absolutely perfect!!! Truly superb in every way!",0
"I cannot believe how perfect this is, best ever without a doubt!!! Truly spectacular in every way!",0
Unbelievable quality!!! Best purchase of my life!!! Truly fantastic in every way!,0
Good enough for everyday use. I've had no issues in the first month. Time will tell if it lasts. Overall a consistent choice.,1
"I cannot believe how perfect this is, best ever without a doubt!!! Truly incredible in every way!",0
Works as expected. I had a minor issue initially but it resolved itself. Would consider buying again. Overall a acceptable choice.,1
Five stars!!! Best ever!!! Buy now!!! You will not regret it!!! Truly unbelievable in every way!,0
"I cannot believe how perfect this is, best ever without a doubt!!! Truly extraordinary in every way!",0
Does the job. Not flashy but functional. I've recommended it to a colleague who was looking for something similar. Overall a practical choice.,1
"I cannot believe how perfect this is, best ever without a doubt!!! Truly unbelievable in every way!",0
"This is the most amazing thing I have ever bought, 100% recommend!!! Truly superb in every way!",0
"This product is a miracle, absolutely the best on the market!!! Truly spectacular in every way!",0
I'm satisfied with this purchase. It's not perfect but it addresses my needs at a fair price. Overall a reasonable choice.,1
"WOW WOW WOW this is incredible, absolutely perfect product!!! Truly fantastic in every way!",0
I ordered this for my home office setup. It took a few days to arrive and setup was straightforward. Works fine so far. Overall a practical choice.,1
Solid product. I use it daily and it holds up well. The instructions could be clearer but I figured it out. Overall a practical choice.,1
I ordered this for my home office setup. It took a few days to arrive and setup was straightforward. Works fine so far. Overall a functional choice.,1
Good enough for everyday use. I've had no issues in the first month. Time will tell if it lasts. Overall a straightforward choice.,1
Decent product overall. Shipping was fast and packaging was secure. The item matches the description fairly well. Overall a adequate choice.,1
Good enough for everyday use. I've had no issues in the first month. Time will tell if it lasts. Overall a adequate choice.,1
"AMAZING AMAZING AMAZING product, changed my life completely!!! Truly spectacular in every way!",0
I purchased this after reading several reviews. It meets my needs adequately. The color is slightly different from the photo. Overall a straightforward choice.,1
"AMAZING AMAZING AMAZING product, changed my life completely!!! Truly unbelievable in every way!",0
I'm satisfied with this purchase. It's not perfect but it addresses my needs at a fair price. Overall a practical choice.,1
"AMAZING AMAZING AMAZING product, changed my life completely!!! Truly outstanding in every way!",0
Five stars!!! Best ever!!! Buy now!!! You will not regret it!!! Truly superb in every way!,0
Best purchase ever!!! Totally worth every single penny!!! Truly wonderful in every way!,0
"I've been using this product for about three months now. It works as described, though the build quality could be slightly better for the price point. Overall a reasonable choice.",1
Works as expected. I had a minor issue initially but it resolved itself. Would consider buying again. Overall a reasonable choice.,1
Works as expected. I had a minor issue initially but it resolved itself. Would consider buying again. Overall a practical choice.,1
Reasonable quality at this price range. I've seen better but also much worse. Delivery was on time. Overall a adequate choice.,1
Works as expected. I had a minor issue initially but it resolved itself. Would consider buying again. Overall a functional choice.,1
Decent product overall. Shipping was fast and packaging was secure. The item matches the description fairly well. Overall a reliable choice.,1
I'm satisfied with this purchase. It's not perfect but it addresses my needs at a fair price. Overall a functional choice.,1
The product is okay. Not the best I've used but it gets the job done. Customer service was responsive when I had a question. Overall a reasonable choice.,1
Decent product overall. Shipping was fast and packaging was secure. The item matches the description fairly well. Overall a adequate choice.,1
This is hands down the greatest product ever created!!! Truly wonderful in every way!,0
The product is okay. Not the best I've used but it gets the job done. Customer service was responsive when I had a question. Overall a practical choice.,1
I purchased this after reading several reviews. It meets my needs adequately. The color is slightly different from the photo. Overall a consistent choice.,1
I purchased this after reading several reviews. It meets my needs adequately. The color is slightly different from the photo. Overall a decent choice.,1
BEST PRODUCT EVER!!! Everyone should buy this immediately!!! Truly magnificent in every way!,0
"This product is a miracle, absolutely the best on the market!!! Truly incredible in every way!",0
Good value for money. I compared several options before choosing this one. The size is accurate and it fits well. Overall a acceptable choice.,1
Good enough for everyday use. I've had no issues in the first month. Time will tell if it lasts. Overall a acceptable choice.,1
Does the job. Not flashy but functional. I've recommended it to a colleague who was looking for something similar. Overall a consistent choice.,1
I purchased this after reading several reviews. It meets my needs adequately. The color is slightly different from the photo. Overall a adequate choice.,1
Works as expected. I had a minor issue initially but it resolved itself. Would consider buying again. Overall a reliable choice.,1
Unbelievable quality!!! Best purchase of my life!!! Truly incredible in every way!,0
Good enough for everyday use. I've had no issues in the first month. Time will tell if it lasts. Overall a satisfactory choice.,1
"I cannot believe how perfect this is, best ever without a doubt!!! Truly outstanding in every way!",0
The product is okay. Not the best I've used but it gets the job done. Customer service was responsive when I had a question. Overall a satisfactory choice.,1
Works as expected. I had a minor issue initially but it resolved itself. Would consider buying again. Overall a practical choice.,1
"WOW WOW WOW this is incredible, absolutely perfect product!!! Truly outstanding in every way!",0
I'm satisfied with this purchase. It's not perfect but it addresses my needs at a fair price. Overall a reasonable choice.,1
BEST PRODUCT EVER!!! Everyone should buy this immediately!!! Truly phenomenal in every way!,0
Good enough for everyday use. I've had no issues in the first month. Time will tell if it lasts. Overall a straightforward choice.,1
"I have never been so happy with a purchase, absolutely perfect!!! Truly outstanding in every way!",0
The product arrived well packaged. Setup took about 20 minutes. Performance is consistent with what was advertised. Overall a adequate choice.,1
This is hands down the greatest product ever created!!! Truly superb in every way!,0
"I have never been so happy with a purchase, absolutely perfect!!! Truly magnificent in every way!",0
"I cannot believe how perfect this is, best ever without a doubt!!! Truly outstanding in every way!",0
This product is absolutely the best I have ever used in my entire life!!! Truly unbelievable in every way!,0
Bought this as a gift. The recipient seemed happy with it. Quality seems reasonable for the price. Overall a consistent choice.,1
I ordered this for my home office setup. It took a few days to arrive and setup was straightforward. Works fine so far. Overall a adequate choice.,1
Does the job. Not flashy but functional. I've recommended it to a colleague who was looking for something similar. Overall a practical choice.,1
"I have never been so happy with a purchase, absolutely perfect!!! Truly fantastic in every way!",0
The product arrived well packaged. Setup took about 20 minutes. Performance is consistent with what was advertised. Overall a practical choice.,1
I've had this for two weeks. It does what it says on the box. Nothing extraordinary but no complaints either. Overall a consistent choice.,1
Decent product overall. Shipping was fast and packaging was secure. The item matches the description fairly well. Overall a reliable choice.,1
Five stars!!! Best ever!!! Buy now!!! You will not regret it!!! Truly phenomenal in every way!,0
Works as expected. I had a minor issue initially but it resolved itself. Would consider buying again. Overall a functional choice.,1
"I bought this and my life is completely transformed, amazing!!! Truly fantastic in every way!",0
Good value for money. I compared several options before choosing this one. The size is accurate and it fits well. Overall a consistent choice.,1
"This product is a miracle, absolutely the best on the market!!! Truly fantastic in every way!",0
Unbelievable quality!!! Best purchase of my life!!! Truly wonderful in every way!,0
Decent product overall. Shipping was fast and packaging was secure. The item matches the description fairly well. Overall a decent choice.,1
Solid product. I use it daily and it holds up well. The instructions could be clearer but I figured it out. Overall a satisfactory choice.,1
"I cannot believe how perfect this is, best ever without a doubt!!! Truly unbelievable in every way!",0
Bought this as a gift. The recipient seemed happy with it. Quality seems reasonable for the price. Overall a reasonable choice.,1
"I bought this and my life is completely transformed, amazing!!! Truly outstanding in every way!",0
"This product is a miracle, absolutely the best on the market!!! Truly phenomenal in every way!",0
"I cannot believe how perfect this is, best ever without a doubt!!! Truly fantastic in every way!",0
"This is the most amazing thing I have ever bought, 100% recommend!!! Truly extraordinary in every way!",0
"I bought this and my life is completely transformed, amazing!!! Truly unbelievable in every way!",0
This product is absolutely the best I have ever used in my entire life!!! Truly fantastic in every way!,0
BEST PRODUCT EVER!!! Everyone should buy this immediately!!! Truly fantastic in every way!,0
I purchased this after reading several reviews. It meets my needs adequately. The color is slightly different from the photo. Overall a practical choice.,1
"WOW WOW WOW this is incredible, absolutely perfect product!!! Truly phenomenal in every way!",0
BEST PRODUCT EVER!!! Everyone should buy this immediately!!! Truly outstanding in every way!,0
"AMAZING AMAZING AMAZING product, changed my life completely!!! Truly outstanding in every way!",0
"AMAZING AMAZING AMAZING product, changed my life completely!!! Truly spectacular in every way!",0
"I bought this and my life is completely transformed, amazing!!! Truly spectacular in every way!",0
"I cannot believe how perfect this is, best ever without a doubt!!! Truly outstanding in every way!",0
"I have never been so happy with a purchase, absolutely perfect!!! Truly extraordinary in every way!",0
Bought this as a gift. The recipient seemed happy with it. Quality seems reasonable for the price. Overall a satisfactory choice.,1
The product is okay. Not the best I've used but it gets the job done. Customer service was responsive when I had a question. Overall a reasonable choice.,1
"I bought this and my life is completely transformed, amazing!!! Truly extraordinary in every way!",0
The product is okay. Not the best I've used but it gets the job done. Customer service was responsive when I had a question. Overall a straightforward choice.,1
"AMAZING AMAZING AMAZING product, changed my life completely!!! Truly magnificent in every way!",0
This is hands down the greatest product ever created!!! Truly magnificent in every way!,0
This is hands down the greatest product ever created!!! Truly fantastic in every way!,0
Does the job. Not flashy but functional. I've recommended it to a colleague who was looking for something similar. Overall a reasonable choice.,1
The product is okay. Not the best I've used but it gets the job done. Customer service was responsive when I had a question. Overall a reliable choice.,1
Works as expected. I had a minor issue initially but it resolved itself. Would consider buying again. Overall a functional choice.,1
"I cannot believe how perfect this is, best ever without a doubt!!! Truly wonderful in every way!",0
I've had this for two weeks. It does what it says on the box. Nothing extraordinary but no complaints either. Overall a decent choice.,1
I purchased this after reading several reviews. It meets my needs adequately. The color is slightly different from the photo. Overall a acceptable choice.,1
Five stars!!! Best ever!!! Buy now!!! You will not regret it!!! Truly superb in every way!,0
Decent product overall. Shipping was fast and packaging was secure. The item matches the description fairly well. Overall a consistent choice.,1
Good enough for everyday use. I've had no issues in the first month. Time will tell if it lasts. Overall a straightforward choice.,1
"WOW WOW WOW this is incredible, absolutely perfect product!!! Truly unbelievable in every way!",0
The product is okay. Not the best I've used but it gets the job done. Customer service was responsive when I had a question. Overall a acceptable choice.,1
Five stars!!! Best ever!!! Buy now!!! You will not regret it!!! Truly extraordinary in every way!,0
The product arrived well packaged. Setup took about 20 minutes. Performance is consistent with what was advertised. Overall a reliable choice.,1
I ordered this for my home office setup. It took a few days to arrive and setup was straightforward. Works fine so far. Overall a straightforward choice.,1
"I cannot believe how perfect this is, best ever without a doubt!!! Truly incredible in every way!",0
This product is absolutely the best I have ever used in my entire life!!! Truly incredible in every way!,0
Five stars!!! Best ever!!! Buy now!!! You will not regret it!!! Truly spectacular in every way!,0
BEST PRODUCT EVER!!! Everyone should buy this immediately!!! Truly magnificent in every way!,0
"I've been using this product for about three months now. It works as described, though the build quality could be slightly better for the price point. Overall a consistent choice.",1
Works as expected. I had a minor issue initially but it resolved itself. Would consider buying again. Overall a reasonable choice.,1
The product arrived well packaged. Setup took about 20 minutes. Performance is consistent with what was advertised. Overall a reasonable choice.,1
INCREDIBLE product!!! BEST EVER!!! TOTALLY PERFECT!!! Truly phenomenal in every way!,0
Unbelievable quality!!! Best purchase of my life!!! Truly magnificent in every way!,0
Good enough for everyday use. I've had no issues in the first month. Time will tell if it lasts. Overall a satisfactory choice.,1
Reasonable quality at this price range. I've seen better but also much worse. Delivery was on time. Overall a adequate choice.,1
"I've been using this product for about three months now. It works as described, though the build quality could be slightly better for the price point. Overall a satisfactory choice.",1
"I bought this and my life is completely transformed, amazing!!! Truly phenomenal in every way!",0
Solid product. I use it daily and it holds up well. The instructions could be clearer but I figured it out. Overall a practical choice.,1
Best purchase ever!!! Totally worth every single penny!!! Truly incredible in every way!,0
"I cannot believe how perfect this is, best ever without a doubt!!! Truly wonderful in every way!",0
"WOW WOW WOW this is incredible, absolutely perfect product!!! Truly superb in every way!",0
"AMAZING AMAZING AMAZING product, changed my life completely!!! Truly extraordinary in every way!",0
"I bought this and my life is completely transformed, amazing!!! Truly superb in every way!",0
Does the job. Not flashy but functional. I've recommended it to a colleague who was looking for something similar. Overall a satisfactory choice.,1
"I have never been so happy with a purchase, absolutely perfect!!! Truly spectacular in every way!",0
INCREDIBLE product!!! BEST EVER!!! TOTALLY PERFECT!!! Truly unbelievable in every way!,0
The product arrived well packaged. Setup took about 20 minutes. Performance is consistent with what was advertised. Overall a consistent choice.,1
INCREDIBLE product!!! BEST EVER!!! TOTALLY PERFECT!!! Truly magnificent in every way!,0
Solid product. I use it daily and it holds up well. The instructions could be clearer but I figured it out. Overall a straightforward choice.,1
Unbelievable quality!!! Best purchase of my life!!! Truly spectacular in every way!,0
"AMAZING AMAZING AMAZING product, changed my life completely!!! Truly extraordinary in every way!",0
"I have never been so happy with a purchase, absolutely perfect!!! Truly extraordinary in every way!",0
Good value for money. I compared several options before choosing this one. The size is accurate and it fits well. Overall a reasonable choice.,1
Reasonable quality at this price range. I've seen better but also much worse. Delivery was on time. Overall a straightforward choice.,1
"WOW WOW WOW this is incredible, absolutely perfect product!!! Truly magnificent in every way!",0
Decent product overall. Shipping was fast and packaging was secure. The item matches the description fairly well. Overall a reasonable choice.,1
BEST PRODUCT EVER!!! Everyone should buy this immediately!!! Truly spectacular in every way!,0
I've had this for two weeks. It does what it says on the box. Nothing extraordinary but no complaints either. Overall a satisfactory choice.,1
Five stars!!! Best ever!!! Buy now!!! You will not regret it!!! Truly fantastic in every way!,0
Decent product overall. Shipping was fast and packaging was secure. The item matches the description fairly well. Overall a reliable choice.,1
Reasonable quality at this price range. I've seen better but also much worse. Delivery was on time. Overall a acceptable choice.,1
Reasonable quality at this price range. I've seen better but also much worse. Delivery was on time. Overall a straightforward choice.,1
Five stars!!! Best ever!!! Buy now!!! You will not regret it!!! Truly unbelievable in every way!,0
INCREDIBLE product!!! BEST EVER!!! TOTALLY PERFECT!!! Truly wonderful in every way!,0
Good enough for everyday use. I've had no issues in the first month. Time will tell if it lasts. Overall a practical choice.,1
"I cannot believe how perfect this is, best ever without a doubt!!! Truly spectacular in every way!",0
Does the job. Not flashy but functional. I've recommended it to a colleague who was looking for something similar. Overall a acceptable choice.,1
Decent product overall. Shipping was fast and packaging was secure. The item matches the description fairly well. Overall a satisfactory choice.,1
BEST PRODUCT EVER!!! Everyone should buy this immediately!!! Truly magnificent in every way!,0
"WOW WOW WOW this is incredible, absolutely perfect product!!! Truly incredible in every way!",0
"I have never been so happy with a purchase, absolutely perfect!!! Truly incredible in every way!",0
"This is the most amazing thing I have ever bought, 100% recommend!!! Truly outstanding in every way!",0
I purchased this after reading several reviews. It meets my needs adequately. The color is slightly different from the photo. Overall a adequate choice.,1
Works as expected. I had a minor issue initially but it resolved itself. Would consider buying again. Overall a decent choice.,1
Five stars!!! Best ever!!! Buy now!!! You will not regret it!!! Truly superb in every way!,0
Unbelievable quality!!! Best purchase of my life!!! Truly superb in every way!,0
BEST PRODUCT EVER!!! Everyone should buy this immediately!!! Truly superb in every way!,0
Works as expected. I had a minor issue initially but it resolved itself. Would consider buying again. Overall a satisfactory choice.,1
"This product is a miracle, absolutely the best on the market!!! Truly magnificent in every way!",0
Unbelievable quality!!! Best purchase of my life!!! Truly phenomenal in every way!,0
Does the job. Not flashy but functional. I've recommended it to a colleague who was looking for something similar. Overall a consistent choice.,1
Bought this as a gift. The recipient seemed happy with it. Quality seems reasonable for the price. Overall a straightforward choice.,1
Solid product. I use it daily and it holds up well. The instructions could be clearer but I figured it out. Overall a acceptable choice.,1
"I bought this and my life is completely transformed, amazing!!! Truly unbelievable in every way!",0
INCREDIBLE product!!! BEST EVER!!! TOTALLY PERFECT!!! Truly superb in every way!,0
INCREDIBLE product!!! BEST EVER!!! TOTALLY PERFECT!!! Truly spectacular in every way!,0
Reasonable quality at this price range. I've seen better but also much worse. Delivery was on time. Overall a adequate choice.,1
Bought this as a gift. The recipient seemed happy with it. Quality seems reasonable for the price. Overall a adequate choice.,1
"I bought this and my life is completely transformed, amazing!!! Truly fantastic in every way!",0
The product is okay. Not the best I've used but it gets the job done. Customer service was responsive when I had a question. Overall a satisfactory choice.,1
This product is absolutely the best I have ever used in my entire life!!! Truly superb in every way!,0
The product arrived well packaged. Setup took about 20 minutes. Performance is consistent with what was advertised. Overall a acceptable choice.,1
"AMAZING AMAZING AMAZING product, changed my life completely!!! Truly superb in every way!",0
"I have never been so happy with a purchase, absolutely perfect!!! Truly fantastic in every way!",0
This is hands down the greatest product ever created!!! Truly superb in every way!,0
Good enough for everyday use. I've had no issues in the first month. Time will tell if it lasts. Overall a satisfactory choice.,1
The product arrived well packaged. Setup took about 20 minutes. Performance is consistent with what was advertised. Overall a straightforward choice.,1
Does the job. Not flashy but functional. I've recommended it to a colleague who was looking for something similar. Overall a satisfactory choice.,1
I purchased this after reading several reviews. It meets my needs adequately. The color is slightly different from the photo. Overall a reliable choice.,1
"I bought this and my life is completely transformed, amazing!!! Truly spectacular in every way!",0
Decent product overall. Shipping was fast and packaging was secure. The item matches the description fairly well. Overall a functional choice.,1
Good value for money. I compared several options before choosing this one. The size is accurate and it fits well. Overall a acceptable choice.,1
"I have never been so happy with a purchase, absolutely perfect!!! Truly extraordinary in every way!",0
"Absolutely perfect, changed my life, best ever, highly recommend!!! Truly wonderful in every way!",0
The product is okay. Not the best I've used but it gets the job done. Customer service was responsive when I had a question. Overall a acceptable choice.,1
Good enough for everyday use. I've had no issues in the first month. Time will tell if it lasts. Overall a adequate choice.,1
This product is absolutely the best I have ever used in my entire life!!! Truly spectacular in every way!,0
INCREDIBLE product!!! BEST EVER!!! TOTALLY PERFECT!!! Truly spectacular in every way!,0
Works as expected. I had a minor issue initially but it resolved itself. Would consider buying again. Overall a practical choice.,1
Reasonable quality at this price range. I've seen better but also much worse. Delivery was on time. Overall a functional choice.,1
"I've been using this product for about three months now. It works as described, though the build quality could be slightly better for the price point. Overall a practical choice.",1
Good value for money. I compared several options before choosing this one. The size is accurate and it fits well. Overall a functional choice.,1
INCREDIBLE product!!! BEST EVER!!! TOTALLY PERFECT!!! Truly magnificent in every way!,0
The product arrived well packaged. Setup took about 20 minutes. Performance is consistent with what was advertised. Overall a practical choice.,1
"I have never been so happy with a purchase, absolutely perfect!!! Truly unbelievable in every way!",0
I've had this for two weeks. It does what it says on the box. Nothing extraordinary but no complaints either. Overall a acceptable choice.,1
Bought this as a gift. The recipient seemed happy with it. Quality seems reasonable for the price. Overall a reasonable choice.,1
Best purchase ever!!! Totally worth every single penny!!! Truly superb in every way!,0
Bought this as a gift. The recipient seemed happy with it. Quality seems reasonable for the price. Overall a satisfactory choice.,1
Does the job. Not flashy but functional. I've recommended it to a colleague who was looking for something similar. Overall a consistent choice.,1
"This is the most amazing thing I have ever bought, 100% recommend!!! Truly superb in every way!",0
BEST PRODUCT EVER!!! Everyone should buy this immediately!!! Truly unbelievable in every way!,0
The product is okay. Not the best I've used but it gets the job done. Customer service was responsive when I had a question. Overall a reliable choice.,1
Does the job. Not flashy but functional. I've recommended it to a colleague who was looking for something similar. Overall a practical choice.,1
"WOW WOW WOW this is incredible, absolutely perfect product!!! Truly extraordinary in every way!",0
"This is the most amazing thing I have ever bought, 100% recommend!!! Truly extraordinary in every way!",0
"This product is a miracle, absolutely the best on the market!!! Truly wonderful in every way!",0
"I've been using this product for about three months now. It works as described, though the build quality could be slightly better for the price point. Overall a decent choice.",1
Good value for money. I compared several options before choosing this one. The size is accurate and it fits well. Overall a decent choice.,1
Decent product overall. Shipping was fast and packaging was secure. The item matches the description fairly well. Overall a straightforward choice.,1
Decent product overall. Shipping was fast and packaging was secure. The item matches the description fairly well. Overall a acceptable choice.,1
"I've been using this product for about three months now. It works as described, though the build quality could be slightly better for the price point. Overall a satisfactory choice.",1
"This product is a miracle, absolutely the best on the market!!! Truly phenomenal in every way!",0
"AMAZING AMAZING AMAZING product, changed my life completely!!! Truly unbelievable in every way!",0
Reasonable quality at this price range. I've seen better but also much worse. Delivery was on time. Overall a straightforward choice.,1
Unbelievable quality!!! Best purchase of my life!!! Truly spectacular in every way!,0
I've had this for two weeks. It does what it says on the box. Nothing extraordinary but no complaints either. Overall a reliable choice.,1
Good value for money. I compared several options before choosing this one. The size is accurate and it fits well. Overall a practical choice.,1
"WOW WOW WOW this is incredible, absolutely perfect product!!! Truly incredible in every way!",0
Does the job. Not flashy but functional. I've recommended it to a colleague who was looking for something similar. Overall a practical choice.,1
INCREDIBLE product!!! BEST EVER!!! TOTALLY PERFECT!!! Truly incredible in every way!,0
"AMAZING AMAZING AMAZING product, changed my life completely!!! Truly unbelievable in every way!",0
"This product is a miracle, absolutely the best on the market!!! Truly unbelievable in every way!",0
"WOW WOW WOW this is incredible, absolutely perfect product!!! Truly spectacular in every way!",0
BEST PRODUCT EVER!!! Everyone should buy this immediately!!! Truly wonderful in every way!,0
I've had this for two weeks. It does what it says on the box. Nothing extraordinary but no complaints either. Overall a adequate choice.,1
This is hands down the greatest product ever created!!! Truly spectacular in every way!,0
